kind,spell_id,sim_refs
not captured,13376,sim/shaman/fire_elemental_spells.go:85
not captured,13377,sim/shaman/fire_elemental_spells.go:114
not a constant,,sim/common/wotlk/capacitors.go:46
not a constant,,sim/common/wotlk/capacitors.go:62
not a constant,,sim/common/wotlk/damage_procs.go:25
not a constant,,sim/common/wotlk/stat_bonus_procs.go:43
not a constant,,sim/common/wotlk/stat_bonus_procs.go:60
not a constant,,sim/common/wotlk/stat_bonus_stacking.go:31
not a constant,,sim/common/wotlk/stat_bonus_stacking.go:44
not a constant,,sim/common/wotlk/stat_bonus_stacking.go:83
not a constant,,sim/common/wotlk/stat_bonus_stacking.go:116
not a constant,,sim/core/apl.go:148
not a constant,,sim/core/apl_helpers.go:115
not a constant,,sim/core/apl_helpers.go:125
not a constant,,sim/core/apl_helpers.go:138
not a constant,,sim/core/cast.go:199
not a constant,,sim/core/spell_effect.go:226
not a constant,,sim/core/spell_effect.go:300
not a constant,,sim/core/spell_effect.go:339
not a constant,,sim/core/spell_effect.go:361
not a constant,,sim/deathknight/items.go:792
not a constant,,sim/optimizer/api.go:956
not a constant,,sim/optimizer/surrogate.go:621
not a constant,,sim/optimizer/surrogate.go:1940
not a constant,,sim/optimizer/types.go:42
not a constant,,sim/rogue/talents.go:73
